[
    {
        "topic": "how do i take the screen off iphone 3GS",
        "content": "i dropped my phone and i want to replace it. PLZ help!"
    },
    {
        "topic": "Bill for Right to Repair in the US, Eu Next??",
        "content": "After seeing US lawmakers introduced the bill, will other countries follow suit? "
    },
    {
        "topic": "Apple introducing self-repair? thoughts?",
        "content": "Apple recently introduced self repair that will allow customers to attempt to service their iphones and soon Mac support will be coming. But its still very limited. What are your thoughts about it"
    },
    {
        "topic": "US Copyright Office Gives Gamers Limited Rights to Repair Consoles",
        "content": "They have given us the right to repair optical drivers in our consoles. small step but its a step in the right path."
    },
    {
        "topic": "Alabama farmer sues John Deere for ‘right to repair’",
        "content": "Young farmer sues JD for charging him over $600 for a repair that alleged took 3 minutes because it was `proprietary software`, which is being scrutinized because of the right to repair movement. We hope this young man gets his money and much more back!"
    }
]
